target,bss_gbm,bss_additive_float,bss_quantized_int8
precip_6h,0.3907930238748746,0.32429200120981516,0.32417572705866105
precip_12h,0.321900372643398,0.22756280546034957,0.22726995499599156
precip_24h,0.24975272577299001,0.14166364498172435,0.1421348162195477
windup_6h,0.375822618013092,0.2423939470703257,0.24204986640370296
windup_12h,0.4024221126106302,0.26438831453826883,0.2638172161548097
windup_24h,0.35640741096733897,0.2533826236439376,0.2531871077528025
pfall_6h,0.4927274020347804,0.22353024862205528,0.22220493495892246
pfall_12h,0.4089975500356371,0.14527612668519296,0.1448349339177566
pfall_24h,0.24161212873308613,0.05277193649052625,0.05214103831106609
